2016-10-11,2016-10-12,2016-10-13,2016-10-14,2016-10-15,2016-10-16,2016-10-17
254,239,228,244,264,264,207
0,0,0,0,0,0,0
68,63,56,71,119,97,75
86,113,71,121,165,200,89
223,218,230,195,185,211,274
83,91,90,121,112,137,83
136,93,128,140,183,208,135
81,63,65,49,103,101,66
225,202,192,197,251,282,254
108,111,73,89,76,103,96
79,85,95,113,72,58,98
55,55,52,59,83,65,69
234,297,238,250,221,233,235
64,56,51,56,79,44,65
111,113,126,124,203,176,135
41,49,30,69,63,40,42
82,71,82,89,123,119,89
70,87,73,107,104,112,71
153,141,173,150,210,255,163
167,165,137,154,149,140,155
70,70,59,82,114,112,69
96,116,94,127,102,107,81
14,10,3,8,10,1,18
37,60,69,68,110,124,32
107,130,113,119,147,121,98
69,79,85,69,147,142,51
92,101,84,98,69,74,80
64,62,62,80,84,86,53
83,84,85,124,187,166,76
31,48,38,41,38,58,36
290,318,287,314,505,486,337
406,432,370,426,126,90,454
56,62,56,66,115,109,74
368,346,318,454,539,454,371
130,135,107,125,185,222,116
65,102,61,58,72,83,61
195,213,214,225,281,321,198
106,62,79,79,67,54,94
234,265,234,261,357,370,269
94,87,80,90,95,113,72
186,143,141,233,364,391,148
66,58,58,82,102,85,87
60,59,22,80,63,94,63
53,33,51,50,84,71,51
30,32,18,48,56,39,30
190,182,183,169,141,183,209
157,173,176,160,79,84,159
432,387,394,402,513,540,355
382,422,426,437,608,585,414
68,61,53,57,69,68,66
82,58,44,74,41,40,59
42,51,49,68,148,120,46
128,111,134,155,127,137,119
290,266,308,320,289,265,352
323,353,367,407,374,321,352
54,67,57,59,83,90,48
301,258,253,283,231,259,298
1693,1650,1662,1601,1935,1900,1709
147,164,174,215,176,208,195
140,158,143,176,170,152,137
64,92,82,99,95,106,80
67,86,76,85,84,118,83
232,215,225,162,198,257,230
120,151,138,136,90,117,151
335,344,323,366,550,587,333
49,52,40,91,66,69,41
52,53,47,78,96,88,48
54,54,67,57,64,68,55
83,92,90,111,140,142,81
54,47,33,50,58,77,40
145,129,161,189,154,141,149
473,488,501,499,593,588,484
87,80,105,92,102,97,78
114,108,106,128,130,143,107
73,69,72,86,49,80,79
37,43,41,36,79,48,53
74,106,85,146,98,113,120
54,45,68,59,50,56,60
160,175,139,138,61,52,159
53,58,72,65,66,99,68
128,108,117,111,132,155,148
147,88,127,127,92,94,112
123,104,128,153,190,163,107
144,174,173,193,273,279,131
74,66,63,82,122,109,63
148,118,102,117,180,178,121
133,134,116,114,16,30,133
390,453,433,517,602,632,370
37,44,49,51,82,48,39
218,203,250,255,361,380,197
90,106,82,99,117,125,73
113,116,93,136,216,197,129
182,163,186,177,143,102,162
101,103,126,91,78,69,110
85,69,98,88,83,87,94
116,61,127,98,124,129,112
173,182,174,185,146,179,172
72,87,101,100,98,80,70
53,36,44,54,35,56,69
373,402,378,389,438,296,383
129,143,114,144,161,175,125
130,123,140,130,129,155,126
101,98,85,97,83,67,63
96,102,116,122,110,94,76
80,87,77,113,185,184,75
76,52,61,70,67,56,52
49,82,46,96,213,235,88
95,85,82,118,133,142,79
89,91,107,102,117,109,105
166,180,165,172,141,146,149
79,61,80,75,73,71,59
116,112,105,130,134,151,110
148,129,146,148,86,123,159
642,621,651,730,521,516,607
455,474,515,467,443,416,468
465,415,484,385,415,487,457
116,118,96,154,245,258,123
90,86,103,83,37,28,93
37,39,44,69,118,79,45
256,247,251,269,335,387,266
55,50,59,59,61,64,33
50,44,55,52,84,85,67
115,116,124,120,135,137,119
404,377,398,387,391,454,407
38,33,51,60,99,66,31
95,84,97,105,106,95,110
46,49,41,70,114,88,15
60,58,58,76,84,72,52
198,192,217,188,237,248,172
281,314,251,316,363,431,281
27,47,51,74,58,63,95
47,42,50,89,84,87,43
92,88,99,123,76,48,118
383,426,398,410,325,321,474
174,173,164,222,179,171,175
107,107,110,97,84,73,106
102,89,79,105,83,67,69
277,326,288,265,249,218,266
62,52,61,96,135,114,59
297,337,330,316,144,222,371
49,37,39,34,78,68,47
482,478,438,461,177,195,434
128,122,126,128,97,95,102
102,106,78,144,216,211,84
54,57,50,62,82,94,65
487,509,459,499,639,651,401
125,123,119,130,105,106,132
63,52,50,68,73,71,80
175,175,150,179,228,226,160
49,41,61,69,112,112,47
66,84,84,87,55,48,65
30,50,42,75,66,52,72
54,66,60,80,101,87,54
85,101,85,101,74,78,98
125,127,95,123,140,128,97
120,123,110,138,150,153,124
85,64,108,101,142,143,83
53,86,76,72,67,77,74
51,53,53,66,82,89,63
305,331,337,284,123,121,319
114,85,97,111,115,110,94
103,67,82,81,98,59,84
82,89,80,94,121,133,89
192,167,230,193,122,135,183
97,86,88,121,179,172,109
50,36,44,76,167,149,56
172,239,205,162,149,191,135
99,107,114,96,96,105,119
73,75,80,129,206,200,94
47,57,50,46,87,96,38
261,241,246,301,209,210,203
147,166,177,157,282,334,47
183,195,146,183,215,216,189
179,241,230,204,137,236,235
103,77,99,123,226,173,69
75,55,68,82,118,93,67
120,125,120,127,176,188,111
83,84,94,86,95,105,76
77,71,73,69,103,89,53
252,235,241,248,313,382,273
66,68,63,68,98,96,70
41,45,37,43,41,54,29
224,209,209,220,118,108,193
70,77,75,68,88,94,85
96,109,108,115,92,110,108
135,126,126,136,206,203,132
84,80,76,99,79,67,65
72,79,93,108,115,135,87
431,434,401,475,606,631,412
40,31,59,81,55,47,47
75,0,0,0,0,0,0
27,43,52,45,73,61,36
127,124,101,171,163,203,112
42,57,51,61,30,39,44
54,61,48,70,104,85,42
53,50,50,51,155,159,41
49,49,48,45,80,73,48
132,136,129,139,88,65,131
165,156,152,146,165,205,164
192,188,191,252,451,325,148
35,40,24,34,69,88,25
122,127,154,143,129,153,231
348,331,347,362,619,651,426
81,87,109,103,90,61,88
101,109,119,112,110,115,112
27,49,58,50,74,78,46
78,75,66,89,192,148,64
131,88,82,78,111,168,93
61,59,60,75,155,123,58
78,73,86,105,172,147,76
94,87,84,98,140,130,66
38,55,30,54,91,83,40
71,82,92,76,59,76,82
43,44,39,45,73,75,36
139,149,150,168,291,276,163
48,43,47,47,43,57,45
350,337,369,478,619,529,355
45,49,48,47,14,13,45
55,95,50,67,50,67,60
102,94,102,115,72,78,94
109,80,88,132,129,117,88
6,19,24,21,22,39,22
64,60,70,88,127,99,69
88,97,103,74,22,20,92
94,115,109,96,89,84,98
197,172,151,194,167,185,215
58,51,50,67,136,99,47
48,46,51,60,69,88,59
59,48,74,76,90,80,67
77,53,76,67,74,65,62
80,88,63,74,86,95,74
64,71,63,71,71,59,65
198,211,239,292,479,448,210
150,181,134,124,192,170,153
113,141,107,136,174,157,117
37,45,48,40,78,55,41
44,49,47,52,79,54,62
89,68,51,79,81,72,88
65,76,71,106,102,110,64
292,275,326,390,279,262,289
87,87,77,82,102,111,103
79,73,73,86,85,71,91
230,216,244,245,353,332,219
157,143,205,206,165,198,229
139,118,133,153,143,101,135
18,21,27,26,65,75,25
168,169,138,188,173,126,196
78,72,64,57,68,63,75
165,158,154,147,74,51,163
53,57,50,45,70,93,51
102,100,99,102,47,42,131
154,145,143,145,223,144,89
72,83,59,94,128,126,60
96,91,115,138,83,115,136
80,80,99,80,73,77,88
197,192,233,221,291,266,184
99,89,81,101,82,87,94
51,47,50,82,77,65,60
77,71,66,62,76,92,81
44,73,59,92,71,85,59
95,70,108,122,149,143,85
128,135,124,145,138,134,111
100,110,97,108,107,120,108
114,120,118,115,116,140,123
110,106,90,131,147,150,101
39,54,48,64,63,60,37
98,99,107,93,90,103,99
98,111,104,122,98,76,108
102,114,88,103,85,77,120
135,130,128,142,128,140,98
80,82,80,57,49,69,86
496,526,505,501,462,449,538
125,86,126,112,127,162,124
64,64,64,65,36,53,76
572,522,579,616,579,693,592
118,143,122,153,166,189,123
30,27,24,49,86,89,27
227,244,240,297,378,383,204
413,458,439,584,656,694,398
72,51,61,72,71,108,64
158,139,167,188,227,194,154
270,281,271,288,135,145,255
60,61,65,64,116,87,41
35,52,36,52,74,58,33
234,240,240,296,209,260,235
308,497,499,481,295,221,427
223,220,196,248,284,279,200
75,51,63,109,149,144,68
51,64,53,66,66,93,54
72,62,47,73,59,59,62
122,119,125,136,52,49,127
138,123,156,134,100,84,159
192,212,185,183,197,219,199
157,138,115,131,109,116,123
44,28,31,57,73,114,64
380,343,320,360,552,583,328
287,264,321,313,334,312,392
396,342,337,354,747,768,365
171,198,172,208,286,264,172
73,56,64,69,72,82,45
52,76,80,87,100,102,85
178,139,189,172,108,124,187
67,45,45,55,118,84,39
228,253,199,50,228,260,213
114,88,104,162,165,127,82
469,564,511,424,89,57,507
59,66,56,73,97,105,56
85,63,82,72,30,28,87
143,150,144,153,128,111,149
148,144,159,176,218,260,111
110,104,110,111,18,14,132
88,110,94,85,93,111,107
581,146,597,560,339,35,625
117,42,119,159,183,123,132
135,181,180,189,251,207,177
187,194,222,196,119,174,223
36,31,36,63,123,96,45
124,143,149,148,220,183,132
181,182,184,180,194,220,225
235,230,198,278,355,361,183
120,116,109,130,129,136,146
76,76,95,81,87,62,60
173,180,184,199,229,202,168
133,135,123,123,99,103,133
77,77,71,94,106,85,72
68,66,58,76,105,87,74
64,47,62,91,66,67,68
148,132,150,130,144,160,145
93,74,80,88,95,72,90
33,36,39,75,169,131,41
367,337,349,340,82,102,365
86,101,109,144,149,145,87
92,86,88,71,81,148,97
156,166,165,160,160,201,179
169,164,197,165,84,39,183
193,181,225,251,447,416,266
92,88,74,94,97,101,83
330,383,376,479,918,895,346
70,69,93,108,145,120,92
65,66,68,88,85,68,74
145,159,144,170,325,327,137
117,134,114,106,113,95,131
104,95,106,105,86,95,103
127,106,150,169,197,183,132
85,98,101,115,122,105,116
214,237,249,236,196,214,234
36,36,38,52,54,54,44
269,263,274,275,407,420,278
63,106,115,88,77,84,87
238,208,249,237,90,89,304
132,97,119,95,83,70,113
285,314,316,314,0,7,302
51,47,31,60,68,54,70
49,60,56,48,76,78,81
23,39,26,61,44,27,40
131,121,132,133,135,114,132
61,58,47,59,71,61,64
152,145,160,175,114,133,157
155,146,131,176,166,194,165
146,105,112,119,193,270,147
210,220,222,240,136,102,262
148,138,128,142,112,140,138
60,65,66,85,64,0,62
65,79,57,74,99,180,83
42,39,59,47,71,71,44
85,103,87,83,56,36,90
90,93,92,73,73,92,99
291,288,277,284,185,142,325
111,123,97,141,159,141,124
115,122,128,269,394,445,181
230,244,204,238,308,287,214
51,63,50,45,66,74,58
50,48,43,57,65,63,33
46,52,61,59,69,89,72
37,39,51,65,75,65,49
36,28,33,47,55,25,38
92,118,101,129,95,80,131
163,143,85,165,143,125,172
37,29,32,53,111,112,35
227,218,234,223,296,307,104
60,56,52,59,54,61,48
72,60,70,59,80,89,71
100,101,98,81,69,98,117
75,80,82,71,36,28,72
42,42,30,52,50,48,26
170,172,159,212,227,232,162
61,42,74,87,72,90,57
79,119,74,96,146,125,85
79,100,105,111,101,102,103
42,62,51,75,108,105,35
243,232,203,420,241,267,209
313,303,304,273,165,111,383
481,467,419,431,500,522,403
185,180,151,169,138,195,154
212,233,272,294,197,230,246
109,106,117,120,77,87,102
131,132,146,128,175,218,119
128,128,124,148,115,132,118
76,98,74,127,233,240,103
68,65,64,55,61,93,74
78,80,87,104,69,77,85
190,236,207,220,211,195,222
91,86,95,92,119,102,90
170,152,172,210,361,344,186
133,118,134,141,85,61,146
128,154,152,155,178,160,186
174,141,168,162,141,151,175
266,260,174,332,464,422,282
73,77,97,105,101,99,93
51,75,97,170,78,155,73
11,12,11,25,43,27,20
90,83,65,99,40,46,68
201,188,215,180,147,163,221
407,446,388,452,537,610,388
71,73,73,63,32,46,59
57,69,62,95,100,111,52
29,26,20,23,34,26,12
144,121,126,148,214,184,140
39,36,30,33,35,33,39
93,71,92,115,123,75,119
38,33,35,51,90,80,28
98,80,77,95,107,92,95
49,49,54,91,156,134,66
69,64,51,81,113,106,75
82,96,89,109,173,138,87
145,172,183,269,156,156,180
141,119,130,149,68,58,132
139,120,136,145,160,127,159
30,42,37,51,61,60,32
104,107,113,95,104,87,149
62,58,62,78,72,80,41
45,53,34,14,0,0,0
99,90,91,88,80,79,104
38,47,42,50,85,58,61
290,296,329,388,751,624,283
393,400,433,503,540,511,429
65,86,83,85,92,61,103
48,63,60,80,89,103,72
109,127,110,136,165,183,142
69,75,88,80,81,102,69
214,204,183,192,304,339,201
85,80,70,102,139,127,80
65,52,52,73,98,98,55
71,98,104,80,94,117,94
131,167,153,180,210,154,174
37,33,40,40,62,36,32
188,226,236,236,83,80,227
156,134,183,179,60,41,205
22,17,34,36,88,107,22
68,80,65,63,75,82,70
100,115,107,122,205,158,128
210,219,234,254,248,292,232
55,65,71,61,54,54,73
57,83,60,69,59,72,61
129,119,160,131,174,180,140
59,51,63,68,76,78,57
61,47,51,73,99,108,31
84,85,88,135,127,129,77
3,8,0,43,136,47,8
258,267,267,311,91,27,270
47,41,67,47,52,59,43
52,59,49,91,123,120,53
107,155,122,140,137,186,148
77,76,76,107,174,192,79
452,403,414,469,690,763,410
58,79,97,85,157,128,55
81,99,100,88,109,109,93
42,37,61,59,98,81,36
67,50,59,70,70,68,50
52,54,51,95,128,61,40
84,86,82,86,86,101,94
402,429,414,633,739,763,439
88,72,92,96,58,24,112
23,43,46,31,32,45,41
107,121,139,154,118,138,147
87,89,110,97,31,34,91
93,81,119,116,96,117,72
45,52,51,42,53,52,43
64,59,73,60,92,117,63
50,36,57,82,85,65,50
40,48,42,56,61,59,42
83,77,81,107,113,139,72
88,67,65,79,72,45,79
68,83,56,84,140,146,61
125,111,152,137,126,155,109
76,65,63,84,126,94,79
72,54,76,70,60,61,65
61,78,68,70,76,107,89
54,79,74,79,77,98,76
25,26,25,26,64,64,41
313,286,251,249,362,350,303
80,68,60,93,98,100,82
114,118,107,110,109,102,108
64,58,49,82,82,112,60
56,33,66,60,120,110,42
125,137,149,126,102,113,140
52,50,63,64,59,53,61
74,65,55,67,98,94,97
47,42,42,41,50,74,42
119,119,127,155,216,213,111
155,164,132,129,68,107,181
58,127,122,145,230,211,120
109,99,109,133,92,61,78
69,63,53,93,108,84,65
107,97,106,99,48,21,115
55,69,54,87,152,145,41
238,257,269,258,173,175,292
158,142,171,156,99,103,180
30,42,43,65,38,51,28
51,56,70,32,67,61,66
133,150,149,185,181,185,118
51,60,45,83,118,101,69
118,130,140,113,134,150,140
85,76,93,104,99,100,87
106,99,141,148,147,128,107
79,90,98,79,86,83,99
2516,1671,1628,1852,3212,3263,1592
68,40,67,66,122,114,62
176,167,173,259,253,228,182
65,102,81,73,72,87,84
78,58,58,75,129,116,88
129,127,127,137,182,206,131
46,29,47,57,61,47,41
56,92,61,80,11,3,88
76,65,60,57,74,77,58
101,86,85,101,126,122,104
69,63,69,57,28,20,77
349,407,340,404,500,575,369
137,106,122,105,90,83,116
1006,974,1024,909,107,23,926
129,105,112,163,197,163,131
112,106,88,98,119,138,123
164,171,184,160,74,58,167
33,40,28,45,88,120,25
173,161,181,176,213,204,163
72,79,77,76,102,98,82
99,108,114,173,191,178,100
42,56,44,54,131,108,39
79,97,98,104,122,132,88
78,85,107,93,88,124,81
171,147,154,176,169,197,179
82,28,90,84,75,62,77
73,75,59,83,102,93,69
93,67,81,91,153,158,87
112,129,151,193,195,156,94
40,41,71,79,88,104,52
61,0,44,78,90,92,81
115,106,116,144,156,168,108
63,65,71,100,109,124,82
72,100,113,108,119,113,89
87,97,86,102,112,110,77
107,101,86,136,142,169,85
242,286,291,373,309,313,132
62,60,61,78,134,143,80
144,141,110,115,122,158,114
40,66,51,55,41,42,36
307,356,308,324,218,232,287
115,108,108,114,118,135,80
227,236,217,217,53,69,258
135,145,130,176,146,190,145
89,107,111,66,3,6,70
68,63,80,76,16,4,70
38,40,50,42,70,58,38
180,224,237,237,337,292,164
250,271,304,315,302,327,261
65,75,75,72,98,107,74
53,69,73,82,64,51,71
129,109,97,156,190,209,96
202,225,203,180,150,200,212
116,137,135,156,191,199,142
192,166,181,165,64,100,193
367,335,383,395,441,481,348
38,47,60,34,52,67,68
53,48,61,64,61,64,40
194,173,213,160,120,146,177
83,66,62,73,93,106,56
538,567,753,554,705,767,539
137,126,123,134,84,99,135
98,108,108,157,195,150,114
523,565,547,587,782,893,522
80,78,94,84,125,116,85
52,48,37,52,72,74,34
33,32,42,66,114,93,45
90,83,96,86,102,118,88
85,104,103,89,70,80,99
90,70,70,106,77,93,105
115,124,99,113,155,181,127
40,50,35,53,53,62,58
44,52,50,49,57,56,49
124,118,139,118,104,116,111
49,35,48,50,100,54,54
292,295,281,323,423,415,297
153,156,162,232,293,235,170
44,35,43,62,156,121,43
391,375,419,342,135,244,465
37,43,49,50,58,50,34
67,58,73,85,70,91,73
86,62,84,101,65,95,72
60,49,65,67,48,75,64
258,256,261,287,256,271,195
109,107,95,128,116,137,117
67,60,85,73,85,82,65
89,85,81,81,77,114,98
165,165,68,169,79,79,98
49,68,54,62,85,79,61
122,129,118,120,206,146,136
87,82,76,93,120,120,97
261,289,319,311,322,278,241
76,71,91,79,116,126,92
79,77,78,115,109,88,70
122,134,126,137,170,202,131
93,104,103,123,102,152,72
175,184,163,156,255,326,164
148,165,177,179,194,170,179
136,126,110,143,193,176,126
74,93,79,101,117,117,86
84,106,107,123,78,101,110
235,195,184,191,128,117,205
61,73,40,60,78,54,24
191,171,194,193,168,117,192
164,154,153,150,119,79,126
50,48,53,52,83,104,35
117,94,114,92,100,93,62
142,182,123,148,173,204,170
89,121,112,104,125,118,105
110,93,102,92,101,117,120
282,279,303,273,194,154,354
140,148,148,164,320,314,159
122,125,127,123,203,206,126
104,108,114,113,194,201,71
153,156,178,194,195,190,183
70,31,1,11,26,1,0
54,56,50,63,74,86,53
85,84,60,65,102,111,90
40,43,44,56,66,72,52
97,106,99,86,85,86,99
225,264,223,222,170,159,226
310,304,304,338,291,273,273
89,67,77,88,119,102,95
134,146,134,160,155,163,124
54,58,60,73,78,84,61
142,140,139,170,190,145,152
114,97,93,77,93,115,92
31,37,46,38,82,95,43
111,118,128,125,120,107,115
102,100,96,120,88,81,142
120,102,140,153,236,208,114
69,86,81,102,89,103,89
152,156,159,183,79,64,170
551,543,501,586,776,744,478
310,285,281,294,181,159,275
190,171,153,194,291,286,134
86,87,116,123,120,109,121
98,140,138,163,106,151,118
61,47,50,54,88,68,61
224,275,201,178,115,251,212
56,57,57,90,91,77,37
146,141,167,241,219,204,147
0,0,0,0,0,0,0
72,61,65,91,92,74,81
70,86,89,72,113,147,74
119,97,117,91,72,59,110
111,99,67,86,111,106,70
45,56,79,80,96,90,49
64,72,66,89,119,115,78
22,85,59,67,41,42,44
267,262,317,318,276,327,263
141,164,153,155,289,367,140
90,88,83,117,119,118,88
175,145,144,175,231,200,117
243,188,174,202,277,310,181
82,101,89,118,135,162,70
81,83,77,75,95,100,89
215,206,192,195,83,36,219
65,56,65,57,77,71,55
134,135,127,155,265,170,135
114,109,93,108,121,107,92
73,89,86,134,74,78,107
473,514,468,533,760,704,483
52,51,58,67,52,49,70
78,75,81,99,88,103,80
60,55,55,65,129,107,61
47,45,39,52,87,122,33
67,72,87,79,82,75,71
234,207,225,212,268,363,267
148,128,127,138,166,175,130
58,65,66,65,101,99,57
104,88,88,117,127,113,89
68,66,58,80,65,88,85
118,114,120,123,175,141,87
157,197,176,143,225,278,162
88,100,89,100,117,158,91
67,74,86,77,90,78,73
141,156,156,143,94,83,158
109,135,138,167,289,265,131
65,71,74,84,76,108,73
112,122,102,102,99,85,133
68,54,75,76,87,63,58
78,79,77,65,84,78,72
0,0,0,0,0,0,0
89,92,100,87,106,107,70
80,86,73,122,171,136,92
74,74,73,68,35,31,89
94,90,102,96,51,64,89
42,28,51,59,146,136,47
90,77,69,75,60,47,82
80,78,83,72,76,94,69
94,93,94,122,125,142,90
67,66,63,68,73,69,41
80,60,79,94,88,81,64
113,126,120,118,77,65,142
66,80,78,82,129,146,97
194,194,197,196,180,189,171
114,118,133,135,231,220,140
235,176,209,280,345,328,221
123,118,118,130,110,95,110
87,112,88,130,159,163,95
83,71,54,63,125,99,83
121,119,110,117,162,171,102
157,160,143,188,140,144,162
149,75,88,218,250,311,219
125,135,0,124,17,39,141
150,168,177,215,268,245,153
32,38,31,45,52,52,35
139,120,134,142,130,139,118
47,60,49,80,70,59,56
75,76,51,39,55,52,27
404,417,419,456,407,424,464
250,233,241,275,351,322,257
198,238,224,245,322,352,236
1626,1550,1771,1764,1547,1602,1222
83,92,89,142,231,195,72
95,90,97,89,133,129,126
110,120,131,146,227,245,110
61,60,58,55,82,61,71
127,107,86,103,146,126,83
367,316,366,409,428,379,377
123,148,127,133,225,222,119
95,84,95,106,91,112,80
85,76,69,137,147,115,93
98,106,78,112,127,119,85
56,89,90,516,521,538,598
98,123,111,93,45,39,96
62,70,62,109,219,176,73
44,45,35,80,46,28,83
76,69,72,80,77,80,42
355,381,384,391,529,572,417
103,110,105,139,173,154,112
32,28,26,26,22,31,30
176,132,181,165,163,141,117
83,87,75,109,1,118,87
57,14,124,34,185,50,125
69,65,68,79,78,66,46
116,144,126,156,141,196,178
92,109,104,104,131,121,110
164,173,158,172,143,111,170
134,141,145,140,214,189,124
75,71,75,63,75,63,59
129,132,157,159,139,139,148
80,77,104,116,185,155,99
85,101,90,85,102,93,77
101,74,117,114,144,143,115
81,91,105,94,152,140,118
67,55,68,82,99,99,54
98,124,109,133,89,92,114
49,50,50,65,63,83,36
74,67,59,62,76,78,56
71,100,86,54,34,63,118
76,100,127,226,221,185,117
46,37,51,71,64,54,42
90,106,88,126,146,137,92
150,144,148,143,175,182,129
148,146,115,153,242,197,132
168,208,160,164,240,222,171
352,360,337,382,334,315,344
218,216,219,277,346,385,189
226,208,222,208,152,162,198
146,138,124,130,93,82,109
254,247,225,228,236,263,229
106,112,112,108,117,111,130
151,159,155,193,297,258,164
34,23,39,33,46,46,30
105,110,115,123,94,76,107
59,60,51,73,75,59,57
71,63,65,77,134,96,73
38,44,39,58,65,74,56
85,94,102,104,136,123,84
384,346,369,341,238,228,343
216,200,179,192,116,70,209
45,73,69,50,52,74,42
57,69,75,78,94,95,82
204,220,239,235,152,170,261
35,51,46,47,123,77,47
187,196,206,143,130,149,199
113,121,133,122,76,48,106
58,49,17,82,134,125,42
96,93,81,82,132,122,93
112,100,110,101,39,29,124
102,92,92,104,147,74,73
203,155,178,222,284,279,156
70,61,78,102,133,111,99
70,53,75,74,121,106,51
236,238,219,208,111,84,236
119,101,116,94,100,103,81
201,222,200,240,133,130,193
441,425,418,489,834,876,438
53,71,69,95,85,76,51
169,189,216,319,285,289,201
62,67,50,56,75,76,66
0,0,0,0,0,0,0
41,50,56,54,67,58,52
168,153,197,162,51,40,159
80,55,68,74,72,85,67
204,216,209,254,210,205,248
50,39,50,48,80,119,49
251,265,230,309,385,414,281
114,124,132,125,137,173,134
47,55,48,72,91,106,41
79,68,77,67,18,25,66
228,244,208,242,227,277,227
150,173,179,149,259,286,166
61,84,87,78,93,129,66
99,80,85,101,100,101,94
92,112,108,124,119,129,100
523,543,484,627,628,644,607
84,109,110,116,108,106,94
79,53,66,77,42,38,60
67,57,59,64,56,54,42
407,380,389,312,529,499,402
81,100,77,100,127,100,89
195,208,214,259,277,252,234
74,68,74,81,65,73,71
51,44,55,65,52,54,54
71,71,89,108,128,148,55
89,80,93,104,128,94,85
102,80,94,108,173,138,69
82,106,85,87,62,48,92
155,142,123,141,130,145,140
66,71,71,80,92,90,80
107,112,100,245,171,173,215
58,44,39,64,65,49,59
34,27,42,40,94,82,33
54,64,56,58,74,80,55
67,88,74,97,121,141,65
65,45,65,48,80,69,53
63,47,55,72,90,61,50
78,60,67,76,142,167,59
138,146,134,141,75,67,133
72,76,62,73,128,122,76
130,148,142,268,256,228,150
62,63,79,75,91,118,48
70,86,95,116,198,195,67
83,73,66,78,155,177,67
504,506,437,506,649,648,599
40,39,42,48,48,71,57
37,47,63,74,72,73,30
43,54,53,62,78,60,46
99,116,100,110,110,113,73
112,96,99,93,114,159,117
709,558,544,544,702,828,549
102,137,106,124,127,126,115
172,182,164,186,215,207,167
55,74,71,77,63,76,72
608,628,606,705,660,754,689
221,229,197,266,399,361,226
306,332,323,328,77,53,372
148,137,143,124,117,96,151
273,255,242,287,227,223,261
259,296,263,324,399,382,267
221,249,238,202,242,275,231
69,81,77,83,118,98,64
191,226,337,294,102,71,342
160,210,157,149,124,147,176
252,248,225,279,247,197,212
113,79,97,103,64,59,104
287,275,284,323,198,251,261
216,183,199,213,193,182,234
52,53,46,62,63,67,60
51,51,47,76,84,87,39
112,79,87,87,70,85,84
118,118,109,145,140,121,126
67,54,105,92,117,129,103
96,83,86,108,74,89,94
174,173,189,170,131,130,179
96,117,103,115,188,169,111
61,51,62,68,88,94,62
41,50,44,57,193,163,43
81,73,85,87,61,43,105
129,132,130,134,181,199,99
32,38,43,59,47,67,30
484,487,494,683,1006,914,471
240,214,209,197,182,152,214
58,49,52,61,91,74,46
65,101,103,91,135,137,67
191,191,173,170,166,115,178
92,100,107,114,85,84,103
280,266,304,407,601,579,235
136,135,138,114,107,97,127
118,95,108,111,198,401,137
544,511,585,670,1037,990,484
117,103,141,140,132,166,170
77,81,83,87,51,43,81
54,66,57,81,35,36,55
63,61,59,68,124,135,76
88,89,82,77,111,139,77
102,102,101,95,112,120,112
85,85,80,88,117,109,63
92,84,84,93,94,108,106
117,124,118,132,181,175,103
207,250,273,269,342,282,266
74,67,68,80,89,64,49
56,96,128,126,150,136,131
66,51,63,118,225,190,59
53,42,40,64,51,65,84
115,124,112,108,116,115,95
241,293,307,334,294,275,249
92,77,86,89,64,67,71
61,66,60,84,105,101,60
56,41,58,71,93,71,37
101,114,92,120,47,61,99
162,149,140,145,121,117,156
79,65,66,78,88,115,71
83,94,76,93,184,149,85
148,141,145,134,81,83,163
123,103,136,109,48,33,116
86,96,78,91,118,103,71
60,56,53,74,85,120,70
106,106,125,114,106,141,137
32,47,45,63,69,77,35
84,86,91,73,89,67,62
158,184,174,132,142,132,174
62,68,45,61,66,80,48
89,87,82,108,91,106,122
699,674,682,687,821,867,729
122,121,132,154,103,110,143
39,25,29,54,83,84,33
92,103,81,118,162,127,81
87,83,89,95,97,100,103
135,134,146,133,117,107,128
113,114,121,119,107,125,109
40,36,46,46,50,63,51
68,53,47,60,66,78,49
73,56,64,68,128,129,50
33,42,35,61,74,68,47
62,51,55,57,91,75,71
114,110,97,125,152,157,144
64,60,93,77,74,55,69
88,93,100,71,100,89,96
67,70,83,82,78,71,62
163,137,164,150,149,150,164
184,187,197,226,275,215,155
108,87,102,116,71,74,95
141,154,167,174,188,231,159
116,122,94,98,72,89,110
86,93,99,106,146,184,90
36,33,32,22,37,37,25
160,198,150,164,269,282,188
196,218,188,169,70,64,158
194,195,208,215,273,295,230
95,104,78,106,74,84,83
279,277,301,334,299,322,299
99,96,72,129,125,114,103
83,96,80,91,58,43,95
111,145,79,181,126,203,139
67,64,81,85,106,98,76
111,105,115,99,100,124,84
74,97,96,88,85,57,62
115,135,136,143,156,133,127
121,128,137,142,164,169,140
134,135,125,139,87,90,150
94,105,101,95,129,120,120
179,148,172,187,212,201,138
175,197,178,198,226,241,186
138,138,146,138,100,137,126
119,110,121,151,114,119,119
55,84,73,98,100,89,75
92,92,84,113,113,101,112
171,159,163,154,159,129,173
106,126,99,116,137,170,88
115,91,76,122,133,117,76
34,35,35,66,54,51,38
90,120,115,109,77,86,87
91,70,90,84,89,90,89
83,91,100,135,121,156,98
271,288,278,314,250,250,346
107,141,130,136,120,117,141
86,82,97,92,45,41,86
289,250,285,305,428,525,322
164,153,176,168,137,148,148
79,88,103,122,238,214,89
96,93,86,93,134,111,110
104,121,124,130,46,67,128
77,75,81,80,80,71,81
76,77,92,91,167,122,70
134,143,141,123,95,162,137
67,91,69,93,58,77,91
102,125,100,120,127,101,107
136,134,163,175,206,252,131
334,302,359,342,155,102,312
61,57,61,80,129,113,56
23,22,22,41,53,50,25
52,47,58,91,120,156,53
51,43,51,36,80,66,42
118,131,131,132,143,143,132
124,123,120,107,92,116,145
63,49,62,35,83,68,58
85,120,102,91,150,132,121
65,54,57,66,124,89,59
62,64,49,56,143,140,51
57,49,51,36,70,78,54
114,109,104,113,113,112,98
190,210,187,187,175,181,177
157,165,196,171,110,91,142
70,58,64,66,73,66,49
84,113,111,119,65,129,98
44,66,63,66,68,69,68
106,116,122,181,175,195,118
363,373,315,367,637,695,312
121,120,109,137,158,147,110
64,54,56,69,58,39,58
135,122,112,121,151,162,109
114,119,99,126,158,167,93
39,34,37,46,59,40,24
66,56,66,71,75,84,55
145,126,130,124,196,204,153
90,102,89,97,103,141,71
93,112,127,142,164,144,133
63,59,59,73,32,30,68
88,87,80,61,30,33,77
135,129,163,157,56,51,144
28,48,35,61,69,69,50
46,85,54,49,62,84,52
57,47,62,67,101,103,54
96,83,82,98,134,109,96
194,131,173,190,264,255,129
97,83,73,113,97,143,99
68,64,65,49,105,110,70
162,157,156,169,184,201,170
313,300,322,310,420,344,342
44,45,49,49,113,98,54
123,142,145,173,194,204,146
108,102,97,131,160,176,101
176,132,187,199,237,228,169
64,57,63,64,104,119,51
122,108,118,134,163,184,104
60,69,63,57,48,67,42
104,116,110,123,107,78,135
50,62,55,61,71,62,67
110,104,104,129,143,132,69
41,69,49,70,64,71,81
52,67,48,58,83,81,56
243,205,228,280,415,383,235
30,0,0,7,95,102,91
90,85,87,103,89,100,85
58,59,72,121,131,135,74
67,71,79,100,102,123,90
58,68,106,81,104,113,77
89,39,104,61,142,58,27
89,85,83,90,90,104,105
178,202,191,189,135,151,185
122,135,141,157,196,177,134
88,86,101,82,97,93,77
21,49,22,40,72,50,44
70,53,56,61,75,69,56
92,89,103,118,102,116,107
165,165,173,189,211,218,160
216,202,192,214,168,223,187
59,47,71,74,45,46,66
138,139,141,171,202,210,106
43,56,72,63,56,73,80
108,146,182,212,328,418,488
408,489,407,369,382,388,593
76,50,52,71,68,72,55
86,100,107,139,174,175,66
51,52,62,61,64,76,56
107,114,99,98,122,121,113
44,49,73,57,67,76,48
104,96,118,90,64,74,92
75,92,65,67,77,47,53
39,44,42,59,51,57,47
79,75,66,73,75,76,68
75,74,64,69,101,74,58
87,85,90,120,144,125,117
95,96,88,100,174,150,85
95,102,106,129,225,184,89
77,106,95,80,196,254,90
58,52,58,86,128,108,26
70,95,86,101,138,103,92
40,44,52,46,85,76,45
377,393,382,342,137,154,385
66,68,85,78,83,74,73
139,129,117,141,221,204,130
175,183,192,184,58,38,178
130,140,130,174,263,203,128
114,109,114,121,143,122,118
123,116,100,111,89,118,122
40,30,39,55,50,44,37
184,201,212,183,118,168,201
81,86,100,88,73,85,93
34,28,36,62,111,131,34
82,88,87,109,178,167,88
116,89,134,207,248,220,123
53,55,46,69,52,40,47
240,221,233,220,523,477,193
96,93,83,86,112,115,107
56,64,66,66,26,23,65
45,59,28,59,109,94,36
85,99,98,130,179,156,90
0,0,0,0,0,0,0
212,219,218,213,159,128,191
34,24,19,17,54,71,54
80,73,96,103,89,71,71
170,184,199,206,229,226,159
210,202,194,183,125,137,185
43,46,37,43,70,66,42
232,266,334,243,187,238,333
257,253,303,289,294,284,227
85,84,80,123,193,204,84
60,84,79,78,88,111,59
37,39,52,30,56,60,34
128,120,124,161,162,132,92
98,73,134,132,144,137,74
422,458,606,583,741,749,458
20,26,15,29,86,53,28
174,187,193,279,255,237,216
91,82,97,103,107,145,81
82,106,93,114,166,148,78
43,53,46,78,85,91,65
120,76,97,109,166,138,106
87,103,129,110,73,101,117
217,190,220,222,103,98,222
68,77,66,80,75,78,79
47,61,63,39,78,53,57
69,71,62,61,109,78,55
124,123,161,150,221,218,132
238,224,233,230,236,256,214
75,59,69,58,79,74,79
80,62,58,63,49,52,55
56,55,79,75,93,86,84
152,126,156,187,42,63,181
85,77,107,99,113,101,99
56,52,67,63,122,104,80
75,64,69,86,84,101,74
87,80,71,86,125,129,70
48,58,142,70,69,80,48
167,186,182,192,196,194,202
431,429,379,496,475,415,496
65,66,69,54,78,82,80
57,58,62,72,83,69,77
317,337,304,311,475,477,368
124,146,143,148,105,96,122
164,193,188,187,251,267,169
235,211,260,291,262,191,236
51,95,65,80,100,77,68
66,65,76,63,50,60,54
45,67,70,58,93,102,57
92,80,93,82,31,42,84
70,62,73,64,53,79,56
73,67,65,78,96,113,74
53,66,63,63,62,39,62
55,52,51,122,95,125,68
72,65,76,78,90,109,54
105,86,117,84,28,34,112
40,36,55,76,46,30,78
65,48,71,68,73,91,77
67,84,102,104,96,98,75
81,84,73,87,103,79,77
167,162,185,215,352,323,199
115,150,170,160,120,153,131
68,61,58,42,67,85,72
58,37,56,63,70,90,53
42,54,58,74,48,120,49
80,82,74,102,118,101,72
149,130,130,147,84,52,148
122,178,190,219,232,216,172
91,113,97,106,129,121,101
107,104,116,94,103,122,113
223,239,231,223,79,61,249
100,98,126,90,100,99,90
137,111,97,139,170,188,120
176,171,187,193,201,210,144
47,49,65,48,74,80,63
36,45,37,56,61,100,48
119,128,127,139,142,155,79
257,263,245,254,142,106,310
75,57,62,74,82,73,66
62,50,49,86,110,88,78
107,122,87,122,142,155,148
94,72,60,98,69,53,74
393,369,347,440,518,488,360
65,60,54,56,65,66,61
63,54,66,72,78,89,63
112,106,103,144,77,66,108
174,175,143,162,207,215,188
51,55,59,67,102,111,56
93,101,85,101,108,108,97
115,134,131,142,172,144,126
79,62,61,72,85,87,87
131,143,149,146,43,38,161
47,69,64,83,67,74,72
149,80,93,176,194,225,152
22,26,25,47,44,54,27
144,115,134,185,243,267,121
91,93,82,125,183,189,100
103,103,84,95,86,128,120
62,68,56,59,52,62,66
61,64,63,74,100,111,42
95,87,92,133,172,142,86
53,38,53,50,75,68,52
73,70,60,99,94,87,72
167,167,146,224,362,348,184
75,59,89,68,82,114,79
231,245,236,253,127,123,237
86,93,81,73,3,16,111
48,40,57,40,44,55,38
104,93,119,100,77,63,110
130,103,119,191,151,187,151
182,194,164,169,71,63,193
44,49,50,58,90,82,40
221,201,197,216,94,74,205
167,193,148,238,260,277,141
82,79,81,89,92,77,60
130,125,111,187,96,92,132
85,90,93,132,104,120,97
68,88,82,78,45,35,63
515,545,491,461,557,595,497
129,124,135,122,106,147,135
133,120,109,96,142,152,120
617,572,668,641,638,691,602
45,69,50,82,86,89,77
136,143,174,161,284,200,155
63,69,81,71,69,69,61
49,56,75,88,88,86,48
28,23,27,31,73,80,25
77,74,87,79,85,108,72
104,119,110,126,146,156,139
64,50,71,84,89,76,86
97,102,106,122,106,109,99
66,71,68,76,80,77,83
171,154,140,138,112,135,159
39,44,37,82,131,151,42
63,61,45,82,75,92,63
51,53,49,33,25,15,4
137,163,165,196,182,176,156
86,71,61,81,101,87,74
62,61,64,63,137,175,59
83,71,79,89,105,88,81
107,111,98,129,139,125,112
244,236,231,249,161,149,235
218,196,195,233,134,112,192
82,91,73,87,94,113,80
105,148,150,227,308,281,141
60,71,62,56,82,90,62
52,58,54,52,57,52,69
38,35,33,53,38,54,45
246,282,281,232,273,324,268
266,265,264,313,408,394,304
284,264,272,274,237,251,211
74,58,74,50,58,54,60
92,103,90,117,75,98,92
109,149,139,102,54,47,93
114,117,113,120,154,134,98
240,303,258,428,328,402,238
102,105,96,110,203,199,65
66,60,75,83,80,75,41
58,88,56,86,102,84,77
153,144,143,167,206,238,134
328,353,340,338,306,312,384
0,0,0,117,240,359,351
81,67,60,104,148,166,63
183,185,196,169,203,232,191
119,119,119,89,91,108,109
131,123,132,150,161,145,133
52,51,71,63,72,86,82
66,58,71,104,82,97,89
138,152,115,145,79,83,142
76,59,63,66,115,96,44
37,41,47,76,127,99,43
90,79,80,104,98,84,99
94,68,71,86,74,81,57
71,73,77,64,95,98,66
47,68,70,71,40,42,83
148,196,157,188,292,274,163
82,56,67,83,94,91,89
121,120,120,113,115,137,108
112,118,103,110,104,117,75
132,111,112,156,134,150,172
106,73,87,119,105,145,78
58,61,77,87,132,97,64
67,80,81,100,140,141,56
40,56,54,60,122,119,52
167,179,177,224,273,226,178
147,162,146,152,146,157,166
55,51,47,70,98,79,53
75,80,68,111,108,85,67
573,643,653,742,1293,1277,611
199,227,221,200,233,247,176
137,125,151,144,190,177,162
193,172,188,190,145,132,148
67,68,56,79,68,82,51
80,81,78,96,141,129,87
465,475,424,561,1147,1173,501
186,198,165,203,191,175,212
86,82,86,118,122,136,91
75,227,336,256,217,359,383
295,356,283,334,509,558,347
78,81,54,98,61,79,72
364,385,355,384,350,326,368
299,362,305,303,173,118,222
266,274,235,266,389,397,250
80,61,70,104,139,122,80
90,81,101,130,130,122,105
41,30,42,52,76,62,28
185,171,182,213,263,222,136
190,203,50,228,274,286,183
74,51,53,90,119,108,50
116,104,110,122,126,126,105
68,72,73,86,166,190,77
39,39,29,41,48,46,37
92,89,103,71,14,26,106
68,76,57,70,71,99,55
147,148,157,201,272,265,169
82,86,95,94,107,104,101
150,183,162,191,169,167,177
130,147,141,154,169,164,158
338,422,447,490,641,523,392
120,98,105,101,121,135,157
51,48,60,75,82,67,48
89,88,90,105,89,72,112
47,51,72,59,61,56,49
32,33,27,51,55,53,29
129,132,139,136,266,257,107
84,93,74,84,75,79,95
100,69,57,79,95,81,89
85,88,88,135,257,201,131
64,59,69,60,55,55,56
37,31,32,68,93,84,39
117,98,116,130,154,127,114
139,174,154,195,256,278,154
127,141,154,150,112,105,129
120,123,128,136,185,172,139
116,91,106,140,193,150,83
53,120,145,166,125,110,125
171,202,175,165,226,312,168
84,86,94,119,127,121,85
1019,1018,1003,1118,1616,1703,1183
86,81,81,79,116,104,71
109,142,141,176,188,196,124
87,112,118,88,110,132,120
443,462,467,551,489,429,399
89,69,76,97,120,138,77
59,52,41,59,77,91,38
462,418,436,436,159,109,488
207,205,211,243,213,249,200
374,390,387,413,454,464,361
154,167,159,181,209,233,152
136,159,155,181,190,184,114
189,195,188,24,332,354,171
45,33,43,36,61,71,36
64,57,48,49,111,66,56
150,176,168,189,139,97,171
58,50,54,64,66,85,61
93,113,98,103,123,111,101
46,66,64,92,142,143,69
347,338,338,364,350,329,316
165,157,151,155,21,21,178
74,27,56,159,97,136,61
122,94,104,111,131,91,114
78,68,71,58,58,75,74
149,138,173,167,106,150,141
120,119,130,124,45,53,109
1125,1100,1111,995,321,179,1126
377,373,401,420,705,779,307
45,60,60,70,69,68,40
75,87,76,82,46,54,85
123,143,127,151,164,200,141
164,167,181,163,297,253,138
115,74,90,89,55,55,84
275,263,281,301,256,230,261
80,55,73,105,86,79,60
156,149,174,211,202,185,148
65,64,68,60,63,73,61
195,199,188,178,118,148,210
30,8,15,81,142,91,30
92,97,82,94,116,118,84
87,85,77,52,83,101,79
130,104,118,129,277,256,109
61,58,58,70,105,111,57
85,91,109,119,137,139,85
31,36,41,40,58,76,31
147,160,159,136,98,143,143
264,282,276,273,253,226,283
57,71,61,75,103,84,46
437,465,419,410,315,333,485
98,101,105,106,115,115,103
334,326,362,343,341,351,297
209,207,175,215,324,335,154
36,46,46,51,77,87,38
115,124,104,181,122,161,127
150,152,160,156,123,128,194
89,88,96,98,88,90,79
91,106,87,88,49,64,102
125,119,124,136,202,238,105
148,142,149,146,147,130,135
71,85,72,80,67,75,77
56,69,64,57,64,73,53
92,82,99,77,66,48,84
73,73,65,76,72,59,89
236,252,261,219,229,257,228
119,113,122,119,185,179,118
146,154,166,199,210,200,143
110,121,115,172,258,241,90
98,94,100,94,71,58,116
40,47,48,40,60,52,45
60,70,56,58,84,100,76
43,41,54,55,107,78,45
171,176,169,158,173,195,195
97,104,90,76,77,99,107
139,143,138,130,109,122,129
255,232,227,215,101,112,227
109,102,102,87,106,119,129
89,115,97,120,191,122,105
86,82,71,73,115,94,76
156,153,171,215,253,260,143
70,84,85,71,76,71,64
588,570,604,617,145,132,622
194,150,143,188,253,256,194
74,75,65,99,103,114,78
101,121,132,126,134,131,127
43,54,43,68,22,25,47
114,120,115,123,141,166,121
202,269,255,485,585,490,283
73,70,74,69,64,76,34
487,516,537,560,470,448,477
60,56,50,82,89,92,65
263,248,225,288,454,403,248
76,84,97,99,112,123,103
79,134,171,168,248,185,130
127,140,96,148,147,161,152
115,138,114,143,148,146,121
83,99,85,93,109,87,113
51,38,52,48,52,61,47
83,65,72,119,92,71,80
53,57,42,80,150,134,60
227,181,170,198,220,224,229
257,268,262,289,170,190,274
100,95,86,78,4,6,85
55,33,37,34,75,45,25
90,104,91,123,81,125,123
68,45,44,67,94,107,58
125,142,159,162,157,154,190
65,49,43,71,75,86,57
113,117,107,109,165,175,90
162,154,147,132,162,148,149
109,130,121,115,126,93,111
94,92,108,102,94,112,83
139,126,109,121,138,122,142
77,81,78,107,116,99,73
60,0,0,0,0,0,0
37,38,40,83,138,120,26
452,388,388,496,582,631,390
0,0,0,0,0,0,0
68,71,56,87,94,78,86
0,0,0,0,16,221,112
0,0,0,0,0,0,2
106,124,110,92,119,121,125
133,151,136,146,154,173,141
118,111,124,132,203,229,117
529,505,540,628,794,773,398
65,66,74,115,173,144,64
57,52,70,90,128,126,53
330,303,356,361,384,432,327
106,94,109,124,113,129,111
159,154,170,248,336,299,155
39,46,40,52,66,59,40
63,55,71,68,67,71,70
219,206,254,245,79,75,220
268,242,287,241,213,262,248
42,54,51,254,187,184,48
111,66,64,82,75,69,56
93,85,92,97,90,124,89
90,102,69,93,143,141,75
335,307,360,384,397,343,293
160,158,134,227,274,225,143
90,79,94,146,165,161,97
68,70,48,78,107,75,51
31,29,39,42,48,46,35
107,101,107,125,115,104,128
219,198,223,238,225,239,214
98,94,83,102,137,137,86
79,89,78,95,82,133,139
70,67,65,70,75,63,63
94,86,100,101,30,35,87
139,166,186,178,260,233,175
106,97,99,98,64,53,96
147,146,142,154,177,181,154
77,85,75,85,99,94,56
67,68,79,82,88,110,59
113,101,101,116,176,149,111
199,169,177,204,252,267,206
232,240,223,257,219,179,247
188,158,185,166,124,140,192
194,178,188,195,141,137,187
101,112,124,119,90,80,112
75,90,56,89,71,63,78
58,67,59,86,100,98,83
65,74,95,81,66,82,74
55,37,55,51,97,82,46
62,68,62,81,88,73,63
40,42,37,52,56,49,31
80,122,101,149,254,174,68
73,53,71,126,123,132,78
66,58,79,96,117,109,71
171,163,187,169,95,97,168
220,197,191,205,256,316,191
68,78,59,82,59,59,79
55,62,48,80,129,116,52
85,96,105,90,112,110,73
113,104,111,94,101,152,115
53,58,84,50,66,36,36
88,99,93,90,96,101,101
142,107,133,125,121,108,129
90,107,83,70,68,65,89
128,148,133,150,181,175,124
123,114,128,133,118,95,103
9,21,17,12,27,21,13
66,51,57,67,85,105,50
439,335,395,369,374,470,467
26,48,50,39,19,23,46
54,56,77,74,51,59,67
87,89,88,108,92,122,107
107,100,91,105,80,64,110
69,78,107,99,147,132,100
82,104,119,116,94,119,138
583,712,757,769,801,958,705
83,82,76,127,118,157,110
66,79,65,71,129,127,62
106,84,100,130,156,163,73
134,132,136,165,225,184,121
83,88,130,205,211,259,107
61,97,58,80,95,102,73
48,30,52,62,69,66,47
68,59,62,54,70,72,74
156,133,161,154,260,330,169
68,85,80,72,85,86,73
71,67,55,71,78,87,52
46,50,56,94,124,118,39
47,29,96,29,35,31,33
132,107,115,93,130,132,105
154,133,124,160,129,136,174
131,160,93,112,116,81,112
49,49,56,57,99,77,37
122,109,100,99,137,142,87
120,119,120,109,85,78,133
130,141,141,164,251,249,109
176,168,152,166,141,144,1
335,286,333,359,413,384,317
83,96,89,91,235,237,78
38,69,67,102,95,106,62
229,196,211,234,273,274,219
304,305,292,247,29,21,336
67,53,51,51,95,63,72
44,58,41,56,54,59,53
148,150,163,167,240,201,147
95,101,87,62,48,43,98
74,110,100,94,89,108,93
84,98,62,80,62,46,114
176,122,164,229,365,331,180
99,93,98,93,91,107,112
138,138,155,157,206,196,151
410,413,585,466,160,191,579
120,94,113,165,113,120,115
248,227,208,215,159,159,238
80,90,77,86,95,89,66
75,71,64,60,85,74,52
99,90,80,104,148,119,69
23,30,29,46,80,60,24
108,112,104,116,82,90,102
23,35,34,44,83,72,40
130,143,125,151,307,321,132
59,53,60,61,54,79,53
104,106,108,102,131,121,92
216,245,262,279,251,203,276
240,188,176,204,209,238,200
92,99,92,108,83,64,93
44,56,64,54,90,73,37
54,41,51,60,59,73,39
70,91,110,115,128,123,85
125,146,131,134,90,101,148
221,236,276,164,238,313,228
179,169,188,157,150,138,201
66,57,77,59,82,89,85
56,61,84,90,94,89,66
78,99,102,122,132,109,73
74,81,58,95,119,114,76
169,162,148,150,136,106,167
244,251,260,243,108,33,274
50,58,61,71,50,52,42
89,79,85,102,101,95,95
62,69,69,82,79,83,58
79,81,68,51,70,60,70
69,68,65,90,99,87,94
154,136,162,240,172,170,167
39,36,40,62,85,70,48
207,262,196,234,335,295,240
85,69,89,88,65,49,90
47,35,53,55,68,69,42
130,116,119,116,108,121,133
127,122,82,66,86,121,92
279,291,254,258,302,257,266
93,95,112,106,189,228,89
151,195,179,187,175,147,206
400,389,393,380,70,58,397
67,64,77,67,106,140,51
250,250,281,276,114,92,291
450,407,412,442,622,606,451
60,65,71,77,68,51,76
80,102,79,92,109,16,89
150,148,164,172,248,268,130
261,289,291,294,166,203,311
175,102,138,137,118,127,137
122,135,113,133,158,135,137
291,278,224,347,625,475,269
350,371,342,407,478,475,362
177,167,159,167,195,206,172
380,347,413,390,202,161,379
170,143,160,195,213,214,174
94,113,115,129,120,146,114
1822,1997,1866,2051,3088,3392,1841
96,90,104,109,70,122,81
305,293,307,336,444,418,352
49,41,42,51,84,69,53
68,75,69,75,113,94,80
109,103,103,92,100,133,99
60,50,48,68,94,89,68
91,90,90,85,78,67,76
150,152,149,145,92,93,161
117,104,116,131,201,199,103
46,72,58,72,189,161,69
28,27,27,56,127,133,24
59,79,70,80,92,92,70
254,262,234,263,254,247,244
22,31,48,47,65,52,29
105,124,115,141,170,166,116
303,312,280,304,295,285,325
62,62,60,72,100,106,55
193,229,224,282,344,299,251
172,209,207,233,260,287,204
44,41,41,47,70,69,35
239,254,248,246,104,124,291
107,99,104,103,89,104,84
108,119,103,81,109,104,106
104,96,82,119,136,116,97
55,65,58,75,72,86,56
70,112,111,101,54,42,120
49,55,45,52,74,63,57
109,107,99,103,114,126,114
250,286,297,291,240,270,327
79,74,81,67,79,67,81
50,56,53,66,99,97,46
405,383,8,0,555,590,333
90,76,67,80,113,95,63
308,305,318,293,353,334,249
64,61,39,86,76,92,62
149,135,152,137,125,91,127
218,188,213,239,368,354,246
301,315,366,433,308,321,346
106,94,113,148,192,181,83
89,109,94,83,107,161,114
172,165,158,194,271,242,151
70,88,78,105,121,126,79
58,59,54,93,152,119,52
219,240,194,303,332,325,214
45,66,63,64,72,69,52
64,79,60,87,127,109,58
118,101,113,128,154,133,121
90,102,103,110,183,135,105
75,86,90,95,106,115,75
146,136,144,125,55,45,134
159,170,149,169,96,69,166
51,46,53,64,118,126,75
114,90,103,116,102,112,105
39,27,38,57,99,110,27
74,83,57,86,110,130,73
125,102,131,86,75,68,118
82,82,90,83,21,19,82
487,525,503,615,899,876,601
92,94,83,85,104,66,70
63,66,91,84,114,119,82
203,239,263,289,254,208,198
31,34,43,38,52,54,35
178,135,175,190,313,455,153
105,81,104,76,124,163,126
29,14,22,23,105,124,22
102,85,90,94,108,129,82
107,92,99,111,87,83,123
100,107,86,163,234,187,93
408,466,407,346,239,167,421
55,84,58,70,97,131,63
83,106,105,112,137,121,108
101,93,94,88,99,102,77
51,56,65,72,58,29,61
32,30,33,35,85,47,34
415,461,397,395,347,355,425
76,79,66,87,93,106,70
263,268,253,275,75,71,244
395,311,380,343,374,408,459
141,115,108,208,143,190,126
879,846,825,844,192,173,916
211,186,213,197,227,208,201
103,113,120,105,120,73,113
49,66,54,75,82,88,50
69,69,83,74,45,55,81
178,207,192,183,127,73,192
61,56,49,45,93,103,29
190,159,181,129,33,10,183
233,242,232,288,384,438,223
86,55,62,71,60,54,76
269,279,281,220,234,232,309
272,290,205,211,171,178,199
61,54,57,54,52,32,49
162,156,173,195,247,216,168
77,81,77,100,85,99,66
113,92,100,102,105,96,93
80,138,150,204,224,189,162
250,270,319,313,463,495,309
205,189,216,225,177,179,252
94,95,110,114,100,40,122
67,73,76,106,112,134,47
51,37,57,71,123,99,55
76,60,70,91,90,89,59
131,175,148,200,226,213,139
101,113,128,109,17,8,128
99,79,118,92,119,105,94
59,73,72,111,128,136,76
38,39,45,48,55,55,40
78,88,85,76,18,15,105
118,120,107,120,118,146,132
70,59,63,65,55,59,61
127,1,121,128,131,85,130
65,73,59,89,131,135,57
86,108,84,80,65,45,95
230,282,214,269,317,321,250
117,118,120,154,153,145,97
365,399,409,442,561,558,431
90,106,106,93,110,127,70
16,14,15,18,51,84,13
86,75,73,70,124,125,80
47,63,54,51,53,69,54
132,127,109,116,159,134,100
215,259,195,231,284,278,278
199,302,271,278,409,372,232
247,259,255,249,196,175,285
67,49,54,61,67,58,54
80,79,65,81,99,88,90
125,130,127,155,208,211,141
77,75,81,122,174,155,78
34,43,44,62,88,70,43
368,413,394,368,383,343,482
120,117,118,132,138,130,109
40,42,39,44,98,95,42
181,157,179,207,154,151,214
119,176,142,139,146,117,127
104,105,120,111,48,36,108
127,148,145,154,195,183,143
103,113,131,121,126,112,132
156,109,132,134,172,194,130
264,240,248,274,141,118,288
36,80,72,76,41,89,50
196,190,169,175,296,305,145
200,196,184,173,136,136,190
22,29,39,38,126,106,38
64,77,69,88,121,110,49
97,87,102,94,45,23,116
230,251,223,240,295,276,201
105,91,111,126,169,200,112
79,87,85,99,67,99,85
177,204,189,209,194,236,185
254,231,205,251,123,98,229
81,78,99,76,94,91,52
80,60,63,63,36,45,75
28,81,102,124,130,136,87
358,325,318,446,507,633,359
218,202,219,224,279,220,195
70,67,70,99,86,97,77
209,190,213,192,194,200,189
153,133,134,161,103,140,153
65,47,35,46,70,75,60
118,124,133,131,97,103,130
291,260,283,387,279,321,314
85,100,94,136,108,93,106
115,83,118,125,132,125,87
117,78,92,75,115,142,87
100,96,84,97,163,146,108
61,88,77,77,134,117,62
161,160,169,239,310,290,204
92,85,125,103,75,35,131
62,80,73,77,53,32,76
97,102,84,106,89,114,126
70,63,60,73,72,70,65
72,86,89,109,205,191,70
43,60,42,50,43,47,40
69,100,74,110,111,70,120
107,118,101,127,288,325,70
54,61,76,66,64,33,52
89,74,117,116,50,34,108
103,106,95,134,169,163,90
50,61,56,52,37,51,57
152,126,156,170,159,138,114
119,87,111,131,87,89,117
108,101,124,100,89,85,99
75,57,82,83,165,119,62
124,125,162,157,162,136,151
131,107,113,111,83,55,117
67,72,75,86,87,75,61
62,50,63,64,69,43,70
169,151,166,181,156,145,164
231,234,183,206,175,247,261
47,37,33,41,67,64,35
124,97,89,99,136,158,72
841,935,859,896,1435,1401,854
91,97,98,67,93,83,88
73,76,90,84,141,136,69
0,0,0,0,0,0,0
150,150,130,160,143,145,187
197,180,196,159,251,263,196
60,50,54,79,79,76,60
161,158,198,215,237,246,170
107,129,157,179,184,177,121
40,32,33,31,57,43,38
691,657,673,617,239,135,678
92,106,105,77,109,102,107
57,42,46,49,74,80,48
42,69,76,81,71,50,58
53,52,58,80,94,102,50
118,121,134,154,173,161,132
73,73,83,71,123,125,71
108,100,139,148,153,175,124
116,137,111,138,262,211,116
26,40,52,97,56,65,36
36,18,37,65,95,61,30
252,217,230,233,234,276,255
851,713,674,656,100,115,679
77,86,89,76,136,113,110
81,66,66,58,75,55,58
57,15,46,56,120,108,63
62,49,56,56,93,56,69
70,69,55,87,105,107,80
84,90,60,82,60,53,73
261,270,269,302,411,433,163
156,141,133,181,127,87,130
69,89,69,83,104,121,82
196,187,231,250,183,145,146
143,146,134,159,146,162,153
213,210,198,222,111,67,208
90,69,87,69,5,4,86
102,98,109,99,114,103,124
104,102,95,111,55,33,106
285,296,323,331,320,379,295
85,92,100,130,202,188,91
192,185,175,214,333,297,179
37,41,38,72,124,140,41
121,123,131,121,140,145,92
119,141,153,126,110,113,136
37,54,50,76,150,128,52
117,84,97,68,49,68,127
253,230,232,229,58,38,217
61,60,62,83,103,95,59
51,64,54,84,92,117,54
104,121,105,100,67,59,116
49,48,45,59,64,55,35
277,304,270,310,387,395,280
135,130,115,115,98,95,155
195,189,204,237,203,209,171
777,736,794,753,37,49,809
182,182,178,222,210,192,169
101,115,127,158,194,162,104
120,125,128,166,132,160,133
89,83,68,67,83,95,90
173,147,144,205,250,256,154
500,537,552,514,278,330,518
154,157,153,164,233,201,143
45,58,54,68,102,82,53
86,96,110,129,175,195,113
91,84,91,107,96,68,79
125,149,113,85,93,114,109
84,98,86,128,162,172,92
81,73,64,69,97,85,77
80,61,58,48,15,12,66
419,386,403,400,211,215,439
45,42,41,53,52,51,41
105,91,74,116,147,167,85
49,45,56,57,80,65,45
205,204,212,204,50,44,229
167,153,197,187,182,151,177
48,40,57,54,70,94,59
72,77,90,72,73,85,93
293,317,344,353,575,518,323
22,33,19,23,42,27,16
58,53,73,74,50,51,38
424,498,419,509,622,708,448
130,127,97,100,118,126,100
231,216,218,265,340,277,196
167,179,160,118,115,114,143
178,155,158,193,167,157,187
360,361,371,425,640,666,358
152,131,131,128,96,48,109
40,68,63,70,103,106,43
68,68,104,70,86,57,73
50,58,61,59,49,47,67
95,74,83,120,158,133,83
166,135,172,185,245,225,157
35,48,43,38,45,46,41
147,155,167,185,172,153,191
90,89,107,66,35,36,67
97,110,110,112,100,99,110
121,102,107,101,128,136,99
7,8,4,14,8,5,10
85,117,125,109,117,108,140
84,62,65,79,52,49,81
175,119,127,156,182,195,140
285,265,252,268,391,428,233
114,130,110,123,155,168,112
58,60,81,95,110,110,72
0,0,0,0,0,0,0
89,80,82,82,38,34,83
432,475,430,498,358,398,567
777,729,799,1292,943,970,878
82,79,80,78,36,44,105
115,96,108,131,122,140,90
372,356,362,347,385,364,348
230,261,237,226,267,324,271
62,63,67,90,108,102,55
86,82,73,93,115,119,87
274,251,332,282,280,304,271
148,124,141,157,173,208,110
193,205,193,169,192,156,147
65,82,74,132,226,178,77
140,177,172,182,248,286,166
109,116,105,110,148,130,100
181,166,180,195,198,183,190
64,81,91,98,115,152,61
96,127,109,102,144,112,162
522,478,513,527,640,646,526
349,304,331,343,306,353,326
104,94,97,128,163,155,94
44,48,57,52,25,19,45
227,198,226,185,249,256,242
62,65,67,72,86,84,84
236,255,255,254,377,446,253
108,98,94,113,146,130,92
55,51,52,60,79,85,45
60,66,72,77,92,84,47
358,357,363,437,525,552,357
128,136,151,217,266,230,109
143,160,135,156,147,179,142
95,92,86,96,122,110,99
215,205,222,238,136,135,214
379,394,401,311,216,332,371
162,182,181,193,255,263,181
95,112,106,91,78,67,102
142,114,127,137,169,158,160
105,139,121,129,100,67,121
95,94,98,110,98,64,105
104,122,101,119,131,162,150
232,270,246,228,137,115,292
172,197,202,228,296,220,165
2,4,5,11,15,9,3
87,97,94,66,103,97,90
236,244,222,247,323,351,152
242,230,244,263,209,160,228
52,91,101,87,126,151,52
72,76,49,51,41,30,63
163,163,190,185,128,137,162
177,180,167,267,264,274,151
64,106,78,107,98,101,91
112,133,132,158,136,122,156
181,202,182,273,247,244,137
65,72,56,71,74,66,64
50,43,43,38,68,67,42
111,91,85,104,76,106,107
47,48,64,64,64,39,81
85,109,84,86,87,123,78
69,61,62,52,54,61,53
391,414,457,571,487,430,431
98,85,91,88,102,105,63
45,50,54,63,145,112,37
161,169,147,173,267,305,195
43,61,63,119,109,143,69
80,78,86,96,118,119,57
130,150,148,126,128,132,143
59,75,56,62,121,120,49
0,0,0,80,74,71,58
150,138,152,128,134,128,158
61,69,60,68,55,71,58
85,81,89,83,77,75,76
313,286,285,283,97,121,341
460,460,471,439,236,309,513
271,310,310,355,499,538,309
163,159,177,148,78,60,163
